{"a": 0.08838272519261167, "b": 0.017917251594504073, "c": 0.045813832668265775, "d": 0.030212121547083467, "e": 0.10429349928703284, "f": 0.010719488874396188, "g": 0.020873025523118927, "h": 0.028522665723412957, "i": 0.08901721069561276, "j": 0.001403384659599633, "k": 0.007172118009882056, "l": 0.05778328009108294, "m": 0.03130732753379686, "n": 0.07031337393745786, "o": 0.07561873390297015, "p": 0.03462035880486807, "q": 0.0016554102600948412, "r": 0.07133120364331745, "s": 0.06181878475024042, "t": 0.06773784916046735, "u": 0.03868681397636707, "v": 0.008938950114406359, "w": 0.006166668508959068, "x": 0.0030707329744547734, "y": 0.022880387323554446, "z": 0.0037419169420893805, "-": 8.843003526147656e-07}